<!-- 
RTI Connext DDS User QoS Profiles

This document is intended to be used to extend the builtin QoS profiles if 
desired. Each of the builtin profiles, other than the Baseline.x.x.x 
profiles, has a counterpart in this file named User.X, where X is the profile 
that it is inheriting from. 

All of the built-in profiles can be found in the 
BuiltinProfiles.documentationONLY.xml file located in the
$NDDSHOME/resource/qos_profiles_5.1.0/xml/ directory. 

In order to have the profiles in this file automatically loaded into your
application you should keep this file in the same location, but rename it to
NDDS_QOS_PROFILES.xml. You will then be able to refer to these profiles by name
in your application. 

-->
<dds xmlns:xsi="http://www.w3.org/2001/XMLSchema-instance" 
     xsi:noNamespaceSchemaLocation="../schema/rti_dds_qos_profiles.xsd" version="5.1.0">
    <!-- Qos Library -->
    <qos_library name="UserQosProfilesLibrary">
        <qos_profile name="User.Generic.Common" base_name="BuiltinQosLib::Generic.Common"/>

        <qos_profile name="User.Generic.Monitoring.Common" base_name="BuiltinQosLib::Generic.Monitoring.Common"/>

        <qos_profile name="User.Generic.ConnextMicroCompatibility" base_name="BuiltinQosLib::Generic.ConnextMicroCompatibility"/>

        <qos_profile name="User.Generic.OtherDDSVendorCompatibility" base_name="BuiltinQosLib::Generic.OtherDDSVendorCompatibility"/>

        <qos_profile name="User.Generic.StrictReliable" base_name="BuiltinQosLibExp::Generic.StrictReliable"/>

        <qos_profile name="User.Generic.KeepLastReliable" base_name="BuiltinQosLibExp::Generic.KeepLastReliable"/>

        <qos_profile name="User.Generic.BestEffort" base_name="BuiltinQosLibExp::Generic.BestEffort"/>

        <qos_profile name="User.Generic.StrictReliable.HighThroughput" base_name="BuiltinQosLibExp::Generic.StrictReliable.HighThroughput"/>

        <qos_profile name="User.Generic.StrictReliable.LowLatency" base_name="BuiltinQosLibExp::Generic.StrictReliable.LowLatency"/>

        <qos_profile name="User.Generic.Participant.LargeData" base_name="BuiltinQosLibExp::Generic.Participant.LargeData"/>

        <qos_profile name="User.Generic.Participant.LargeData.Monitoring" base_name="BuiltinQosLibExp::Generic.Participant.LargeData.Monitoring"/>

        <qos_profile name="User.Generic.StrictReliable.LargeData" base_name="BuiltinQosLibExp::Generic.StrictReliable.LargeData"/>

        <qos_profile name="User.Generic.KeepLastReliable.LargeData" base_name="BuiltinQosLibExp::Generic.KeepLastReliable.LargeData"/>

        <qos_profile name="User.Generic.StrictReliable.LargeData.FastFlow" base_name="BuiltinQosLibExp::Generic.StrictReliable.LargeData.FastFlow"/>

        <qos_profile name="User.Generic.StrictReliable.LargeData.MediumFlow" base_name="BuiltinQosLibExp::Generic.StrictReliable.LargeData.MediumFlow"/>

        <qos_profile name="User.Generic.StrictReliable.LargeData.SlowFlow" base_name="BuiltinQosLibExp::Generic.StrictReliable.LargeData.SlowFlow"/>

        <qos_profile name="User.Generic.KeepLastReliable.LargeData.FastFlow" base_name="BuiltinQosLibExp::Generic.KeepLastReliable.LargeData.FastFlow"/>

        <qos_profile name="User.Generic.KeepLastReliable.LargeData.MediumFlow" base_name="BuiltinQosLibExp::Generic.KeepLastReliable.LargeData.MediumFlow"/>

        <qos_profile name="User.Generic.KeepLastReliable.LargeData.SlowFlow" base_name="BuiltinQosLibExp::Generic.KeepLastReliable.LargeData.SlowFlow"/>

        <qos_profile name="User.Generic.KeepLastReliable.TransientLocal" base_name="BuiltinQosLibExp::Generic.KeepLastReliable.TransientLocal"/>

        <qos_profile name="User.Generic.KeepLastReliable.Transient" base_name="BuiltinQosLibExp::Generic.KeepLastReliable.Transient"/>

        <qos_profile name="User.Generic.KeepLastReliable.Persistent" base_name="BuiltinQosLibExp::Generic.KeepLastReliable.Persistent"/>

        <qos_profile name="User.Generic.AutoTuning" base_name="BuiltinQosLibExp::Generic.AutoTuning"/>

        <qos_profile name="User.Pattern.PeriodicData" base_name="BuiltinQosLibExp::Pattern.PeriodicData"/>

        <qos_profile name="User.Pattern.Streaming" base_name="BuiltinQosLibExp::Pattern.Streaming"/>

        <qos_profile name="User.Pattern.ReliableStreaming" base_name="BuiltinQosLibExp::Pattern.ReliableStreaming"/>

        <qos_profile name="User.Pattern.Event" base_name="BuiltinQosLibExp::Pattern.Event"/>

        <qos_profile name="User.Pattern.AlarmEvent" base_name="BuiltinQosLibExp::Pattern.AlarmEvent"/>

        <qos_profile name="User.Pattern.Status" base_name="BuiltinQosLibExp::Pattern.Status"/>

        <qos_profile name="User.Pattern.AlarmStatus" base_name="BuiltinQosLibExp::Pattern.AlarmStatus"/>

        <qos_profile name="User.Pattern.LastValueCache" base_name="BuiltinQosLibExp::Pattern.LastValueCache"/>
    </qos_library>
</dds>
